{"train/loss":0.1567,"train_loss":0.3242327549627849,"train_steps_per_second":0.056,"_step":21,"_timestamp":1.7499651209169524e+09,"eval/samples_per_second":7.777,"_runtime":1521.182776199,"train/grad_norm":0.4287260817917248,"train/global_step":84,"train_runtime":1512.4291,"train_samples_per_second":1.785,"eval/loss":0.286350816488266,"_wandb":{"runtime":1568},"eval/steps_per_second":0.311,"eval/runtime":12.8581,"train/epoch":2.912280701754386,"train/learning_rate":1.400396292949513e-07,"total_flos":3.867760470016e+12}