{"train_runtime":45.5324,"_timestamp":1.7499510272367923e+09,"_step":5,"train_samples_per_second":0.264,"train/global_step":3,"eval/loss":0.7830872535705566,"train/epoch":3,"_runtime":44.740840765,"total_flos":4.5693075456e+10,"train/loss":1.2693,"train_steps_per_second":0.066,"_wandb":{"runtime":99},"eval/steps_per_second":0.305,"train/learning_rate":2e-05,"train_loss":1.074222167332967,"eval/runtime":3.2809,"eval/samples_per_second":0.305}