{"_timestamp":1.7500482050288281e+09,"train_samples_per_second":1.752,"eval/samples_per_second":9.54,"_step":89,"train/epoch":2.98220640569395,"eval/loss":0.3803102970123291,"eval/steps_per_second":0.307,"_wandb":{"runtime":7775},"train_runtime":7676.488,"train/grad_norm":0.41351532905162597,"_runtime":7724.527834501,"train_loss":0.3208359617562521,"train/learning_rate":0,"train_steps_per_second":0.055,"train/loss":0.156,"train/global_step":420,"total_flos":2.2247844001792e+13,"eval/runtime":52.1999}